channel,mean_voltage_V,std_voltage_V,min_voltage_V,max_voltage_V,peak_to_peak_V,amplitude_estimate_V,ac_rms_V,dominant_frequency_Hz,dominant_psd
1,2.6160196776556774,0.13165811212436868,2.3635897435897437,2.793113553113553,0.4295238095238094,0.2147619047619047,0.13165152905418157,125.0,0.02206780295418254
2,2.839971941391941,0.002836473198845352,2.8221245421245422,2.8551648351648353,0.0330402930402931,0.01652014652014655,0.002836331371639641,125.0,7.785531973389978e-06
3,2.8376011794871796,0.004707306485062537,2.8197069597069597,2.852747252747253,0.0330402930402931,0.01652014652014655,0.004707071113853856,125.0,2.7056938996228262e-05
4,2.843734021978022,0.004179537287339559,2.8253479853479853,2.8591941391941393,0.03384615384615408,0.01692307692307704,0.004179328305250509,125.0,2.0735362847907394e-05
5,2.4922654065934067,0.1291463595294587,2.258021978021978,2.6706227106227107,0.4126007326007328,0.2063003663003664,0.1291399020500412,125.0,0.02150323654238266
